argument_id;chunk;topic;polarity_score
0;I always get a half size up in my tennis shoes .;2;-0.1666666666666666
0;For some reason these feel to big in the heel area and wide .;12;-0.05
1;walked 3 hours with no problem;21;0.0
1;Put them on and !;21;0.0
1;Love them !;0;0.625
1;So light feeling;8;0.4
2;excelente;-1;0.0
3;The shoes fit well in the arch area .;20;0.4
3;They are a little wider in the toe area of the shoe , you feel like you have a lot of room .;12;-0.1875
3;This does not make the shoe uncomfortable , just had to get used to it .;12;-0.5
3;Love the shoe .;22;0.5
4;Tried them on in a store before buying online so I knew they 'd fit good .;13;0.55
4;Overall I was looking for a durable cross training shoe that would hold up to my rigorous training and these have been great so far .;9;0.225
4;They are really light and comfortable .;3;0.4
4;Most importantly for me they have grips on the bottoms so my feet do n't slide out from under me while doing planks , push - ups , etc .;4;0.45
4;Highly satisfied with this purchase .;5;0.5
5;I recommend that !;24;0.0
6;this is the 2nd pair he 's worn .;16;0.0
6;My son likes these , and;13;0.0
7;Comfortable;18;0.4
8;Fit fine ... did not like color in person;1;0.4083333333333333
9;The shoe is too large .;2;0.2142857142857142
9;When you do lunges it hurts the heel .;4;0.0
9;The shoe size from a local store is the size I ordered from Amazon however the size or fitting seems to be large;2;0.2380952380952381
10;the color is fun;10;0.3
10;Really great for walking I 'm very glad I got these and;11;0.7250000000000001
11;Love these shoes .;23;0.5
11;My feet feel so much better .;4;0.5
11;Lots of padding and light enough to run in .;3;0.2
12;ok but too big;12;0.25
13;Love these shoes ..;23;0.5
13;they are so comfortable .;3;0.4
14;In really like these .;0;0.2
14;they fit perfectly .;1;0.7
14;I wear between a 9 - 9.5 womens , I got the 9.5 and;2;0.0
14;have good support;20;0.7
14;They are light weight but .;8;0.4
14;I will buy another pair .;16;0.0
15;"Love these shoes ! 
";25;0.625
15;comfortable;18;0.4
15;So stylish and .;-1;0.5
15;are in high fashion right now;3;0.2228571428571428
15;Just got back from a trip to NYC , Black and white Nikes and yoga pants !;17;-0.0555555555555555
16;This shoe is JUST OK .;14;0.5
16;Its not as comfortable as I was expecting , compared to my last pair of NIKE shoes .;18;0.2
16;I hope they hold up .;9;0.0
17;Best tennis shoes I 've had all my life .;9;1.0
17;Very comfortable out the box .;7;0.52
17;I would buy 10 pairs of these shoes if had the money .;16;0.0
18;The color pattern and fit is what I liked the most what I liked the least is that they are not easy to clean and stains do not come out very easy or at all;0;0.3141666666666667
19;love these shoes .;23;0.5
19;Workout in them 3 - 4 times a week at the gym .;15;0.0
19;I do treadmill , stairmaster , cardio classes and weight lifting .;15;0.0
19;lightweight and versatile shoe .;11;0.0
20;Great shoe .;22;0.8
20;have always been pleased with the comfort , performance , and quality;5;0.5
20;I 've had Nike 's before and .;17;0.0
20;Though I will say this was the first time I ordered a pair online without trying them on first , so I was nervous .;16;0.25
20;But this turned out to be a great choice .;0;0.8
20;lightweight but sturdy , and comfortable during all my workouts;3;0.4
20;Breathable , .;11;0.0
20;I 've had no discomfort after 2 weeks of use .;4;0.0
20;The built - in arch support is great and;20;0.8
20;As far as the sole thickness and cushioning goes , I would consider these a ' medium ' build ( not thin , not overly thick ) so if you 're into heavy running outdoors then take that into consideration .;9;-0.04
20;I think for light runs on a treadmill they would be sufficient .;6;0.4
20;Everyone is different in their preference for cushioning , but;12;0.0
20;Love these , highly recommend !;24;0.35
21;The material is real then hope they do n't fall apart .;11;0.2
21;to expensive for what you get .;-1;-0.5
22;Nice;14;0.6
23;Gracias;-1;0.0
24;Love these shoes ! !;25;0.78125
24;They are true to size and very comfortable ! !;27;0.58125
24;This is my second pair - I wore out the first pair ! !;16;0.1953125
24;Good arch support - I have a high arch ! !;20;0.475
25;;-1;0.0
26;comfortable;18;0.4
26;Great arch support and .;20;0.8
27;It looks a bit nicer on the picture .;10;0.0
27;Its very light in such a way that when I held the box I wondered if there was just paper filling inside .;8;0.26
27;They are comfortable for the most .;3;0.45
27;Good looking training shoes overall .;9;0.35
28;second pair .;16;0.0
28;great;14;0.8
28;Comfortable and for people with bunion issues or previous surgeries .  ;3;0.1166666666666666
28;Sole wears great;16;0.4
29;My daughter loves these shoes .;13;0.0
29;Fit true to size .;27;0.375
30;Purchased for my daughter for gym class .  ;13;0.0
30;She loves them .  ;13;0.0
30;very comfortable;7;0.52
30;Very cute and .;22;0.65
31;zero support inside the shoe;8;0.0
31;Great look but .;23;0.8
31;Had to buy expensive inserts to be wearable .;17;-0.5
31;Expected more from a nike shoe .;1;0.2
32;Straight out of the box , these shoes are great !;23;0.6
32;fits comfortably on my feet like a glove;1;0.4
32;Very lightweight and !;8;0.25
32;I hated those things;0;-0.9
32;I love most especially that the sole is not bulky like my previous running shoes  ;7;0.1666666666666666
32;lol !;14;1.0
32;they are great for the price !;0;1.0
32;I would give them a shot and;24;0.0
33;Great shoes .;22;0.8
33;Fit perfectly .;1;0.7
33;Comfortable right from the start .;18;0.3428571428571428
33;perfect for a 12 hour work shift;6;1.0
33;Light weight and .;8;0.4
33;Good price also .;5;0.7
34;I love them !;0;0.625
34;are very comfortable;3;0.52
34;They fit perfect and ! !;1;0.7
35;Love these lightweight shoes !;25;0.625
35;Absolute favorite .;0;0.35
35;Always order half a size bigger with nike shoes than with every other shoe in my closet .;2;-0.0972222222222222
36;My knees were bothering me during HIIT workouts so i   purchased these shoes after researching many styles .  ;9;0.5
36;are lightweight;8;0.0
36;Fit true to size and .  ;27;0.375
36;My knees feel better so so hard so good .  ;12;0.3027777777777777
36;They are cute in too ! !;0;0.78125
37;Love the color !;10;0.625
38;Comfortable athletic shoe ,   good for the gym ( ellipical , tredmill , etc . );22;0.55
38;shoe is really lightweight and comfy .;11;0.2
38;Fit is good , and;1;0.55
39;came within the time frame i was given;5;0.0
39;The shoes fit perfectly and .  ;1;0.7
39;Very comfortable , which is needed since my job requires a lot if standing abd walking throughout the day .;7;0.52
40;They looked very cheap;12;0.52
41;The fit is as expected;1;0.15
42;Very comfortable shoes .;18;0.52
42;This is my second pair of this style of shoe because I loved them that much .;16;0.3
43;consistent each time I order and good looking;22;0.475
43;Comfortable ,;18;0.4
44;it fit as expected the photos and description are accurate if you 're looking for a shoe that has more cushion or support;27;0.3
44;try a different style but;10;0.0
44;as far as wanting a lightweight and breathable shoe this is it .;11;0.1
44;I love the shoe and;22;0.5
44;I am very satisfied with this purchase;5;0.65
45;These are so cute and comfortable and very light .;3;0.4733333333333333
45;the fit is perfect .;1;0.7
45;I just received them today and;23;0.0
45;they are true to size !;27;0.4375
45;I normally wear an 8 1/2 and;2;0.15
46;I always order a 1/2 size up in workout shoes .;2;0.0
47;I wore these shoe one time , from the airport in Omaha , NE to the airport in Phoenix , AZ .;22;0.0
47;wo n't stop;6;0.0
47;When I arrived in Phoenix , the left shoe / sole started squeaking and .;19;0.0
47;I want to return for a refund .;26;0.0
47;Need instructions for returning as no paperwork was in my package when it arrived .;26;0.0
48;are super uncomfortable and the soles squeak;7;-0.0833333333333333
48;They run big and .;2;0.0
48;They do n't breathe at all .;-1;0.0
49;Exactly what I expected !;27;0.0625
49;chic;10;0.0
49;Comfortable and;7;0.4
50;They were a gift   to my daughter she loved them;13;0.7
51;Love these comfy shoes .;23;0.5
51;they fit like a glove .;1;0.4
52;Very confortable .;-1;0.2
53;i love these shoes .;25;0.5
54;Lightweight , decent arch support and comfortably to wear all day doing regular activity and sprinting .;3;0.1888888888888888
55;daughter loves them;13;0.0
56;they are perfect .;0;1.0
56;I ordered a 1/2 size smaller than my usual size , and;2;-0.125
56;These shoes are hard to find .;12;-0.2916666666666667
56;Great customer service as well .;5;0.8
57;"Very good overall . 
";5;0.4549999999999999
57;"the only reason I tried these instead of the latest number 4 of those is because the tread looked too slippery to me . 
";12;0.25
57;Now I ve been a huge Sketchers Go Walk fan for some time and;22;0.4000000000000001
57;the grip of the soles has been very solid so far .;5;0.05
57;These shoes are very sturdy and;11;0.2
57;"I use them for basic workout cardio and cross training , as well as work as a massage therapist ( I go through shoes fast enough that I ve recently consolidated ) . 
";9;0.04
57;"If you 're a Go Walk fan , these do not offer the same level of cushion - comfort as those , HOWEVER , they offer the kind of long - term comfort to make them a durable option . 
";18;0.1833333333333333
57;The material of the shoes seem very durable and the breathable .;11;0.2
57;"My feet do not feel hot in them . 
";4;0.25
57;"Now these shoes are ideal for a basic workout or cross training , I would not get them to do 25,000 steps in Walt Disney World . 
";9;0.3
57;Solid choice , overall .;5;0.0
58;Wife loves them !;13;0.0
59;fit as expected;1;0.15
59;These shoes are extremely comfortable , and .  ;11;0.4
59;Will purchase again .;5;0.0
60;Artculo equivocado en color;10;0.0
61;ordered a half size too big;2;-0.0833333333333333
61;Glad I read the reviews and .;11;0.5
61;These are light weight .;8;0.4
61;had a great work out;20;0.8
61;I worked out in them last night and .;6;0.0
61;They are very comfortable .;3;0.52
61;I would recommend these to anyone .;24;0.0
61;these are now my new favorite shoes to work out in .;9;0.3181818181818182
61;I am a Beach Body Coach and;15;0.0
61;I feel like I am walking in slippers when I wear these shoes .;11;0.0
61;They are so comfortable .;3;0.4
61;I LOVE them so much .;0;0.35
61;for Christmas got an Amazon gift card and used it to buy myself these sneakers;13;0.0
61;they are so awesome .;0;1.0
61;I never buy myself anything nice and and;17;0.6
61;have been telling all my friends about them;0;0.0
61;I really do love them and .;0;0.5
61;GET THESE SHOES !;25;0.0
62;On the left shoe , there were two stained yellow spots .;19;0.0
63;finally wore them out after several years;21;0.0
63;I love these , I had the previous iteration ( or maybe two earlier ? ) and .;16;0.1111111111111111
63;They are definitely a light - weight training shoe so I would n't get them if you are going to be doing a lot of running .;9;0.4
63;But this also makes them extremely comfortable , I had n't realized how hot running shoes made my feet until I switched to these .;7;0.325
63;"my feet stay cool all day , also noticeably light but well - made and long lasting . 

";4;0.175
63;Good support and;20;0.7
63;do n't really recommend it because the material is mesh - like and will let a lot of dirt in;7;0.2
63;I have worn them hiking in a pinch but .;21;0.0
63;But if you mainly take cardio classes and/or do weight training or just need something to wear around town look no further .;6;0.0833333333333333
64;Super light - weight , decent arch support ( mine is higher than average ) .  ;20;0.1999999999999999
64;I was pleasantly surprised by the sole / tread on these for my circuit training classes , as I could n't really tell by online pics .  ;9;0.1
64;"Also pleasantly surprised that these ran ever so slightly bigger than Nike running shoes I use to wear 15+years ago - I always wore one to 1.5 sizes larger in their "" Hurache's""/running shoes , so I was really worried my size 6 would be too small - there is actually more toe room in these shoes than any other size 6 shoe I own ( athletic , heel , boot ) .  ";2;0.128125
64;But it is the correct amount of room from big toe to edge of shoe for me ( an inch or less , I do n't want my big toe being jammed into edge of shoe when lunging , jumping , etc . ) .  ;12;-0.0666666666666666
64;no damage to box , paper lining etc - I was happy that a clorox wipe easily cleaned the shoe and did not discolor any further .  ;19;0.4111111111111111
64;Shoes arrived with an odd yellowish color on side of one shoe , but;19;-0.1666666666666666
64;I am very happy and highly recommend , although I have only worked out it once !;24;0.3866666666666666
65;I Love it .;0;0.5
65;the color is great .;10;0.8
65;It is very light and;8;0.52
66;My wife loves these shoes .;13;0.0
66;recently we have both purchased Nike .;17;0.0
66;We have both been wearing sketchers and new balance for several years and;16;0.0681818181818181
66;There is a reason why Nike is still number 1 after all these years , you just ca nt beat their comfort .;17;0.0
67;Absolutly love these shoes ! !;25;0.78125
67;Beautiful color , comfy , and lightweight;3;0.85
68;I * * loved * * these shoes when I got them .;25;0.7
68;I 've noticed that the foam inside tends to compress during a workout , though .;6;0.0
68;I 'll lace them tightly enough that they 're nearly cutting off my circulation .;8;-0.3
68;20 minutes later , I 'm sliding out of them while doing sled pushes .;21;0.0
69;She loves them;13;0.0
70;These are a bit longer than they should be .;12;0.0
70;could have easily ordered a 8.5;2;0.4333333333333333
70;I usually wear a 9 but .;2;-0.25
70;"The width is accurate . 

";27;0.4000000000000001
70;the light gray is over the very bright pink;10;0.4033333333333333
70;The pink is even pinker than shown and;10;-0.1
70;so it is n't as gray as shown in the picture .;10;0.0
70;It makes the shoe a bit overwhelming .;19;0.5
70;Also two grommets on each shoe is dark .;19;-0.15
70;I 'm not referring to the dark grommets closer to the toe as shown in the photo , I 'm talking about two grommets up at the top of of the laces ( opposite side of side shown in photo ) .;19;0.1166666666666666
70;I thought it was faulty at first until I noticed they were on the same side of each shoe .;19;0.125
70;not pictured;10;0.0
70;"Kind of odd and . 

";10;0.2166666666666666
70;Overall , they are very comfortable shoes which is why I am keeping them ... even if you can see me coming from a mile away .;18;0.26
71;great;14;0.8
72;c;-1;0.0
73;Love them !;0;0.625
74;Very nice shoe , just a bit to snug / small for my foot .;12;0.265
74;The Flex wire really makes it the shoe fit tight to your foot .;7;0.1404761904761905
74;"I need more "" wiggle "" room in my footwear , otherwise I would have kept them .";12;0.5
75;my mid section of my foot starts to hurt using these shoes for a long day or a tough workout at the gym .;4;-0.1462962962962962
75;Not sure why , but;17;-0.25
75;that never happened to me .;-1;0.0
75;I 've owned other nike shoes of this line but;17;-0.125
76;My New Gym shoes !;9;0.1704545454545454
76;Love them;0;0.5
77;Perfect !;14;1.0
78;they fit fine .;1;0.4083333333333333
78;I usually wear a size 8 and;2;-0.25
78;These are way too narrow .;12;-0.2
78;they did nt .;19;0.0
78;Thought they might stretch out but;1;0.0
78;Had to give away .;5;0.0
79;Great shoe !;22;1.0
79;I 'm still breaking them in .;17;0.0
79;Outside arch is kind of high , but;20;0.2533333333333333
79;So I 'm sure that will work it 's way out .;21;0.5
79;it was a tad too big .;12;0.0
79;I originally ordered a 9 , my regular size , and;2;0.1875
79;ordered an 8.5;2;0.0
79;it fits perfect !;1;1.0
79;Returned and and;26;0.0
80;I had to return the first pair and buy a 1/2 size smaller .  ;26;0.125
80;First time I 've had to buy smaller for Nike .;2;0.125
81;Fit comfortable;1;0.4
82;My favorite running shoes !  ;0;0.625
82;The wall of the shoe is very thin , which makes them very comfortable to wear if your feet swell as you run .  ;18;0.0
82;they are perfect for trail running !;6;1.0
82;I would not recommend for use on concrete or a treadmill , as there is n't very much impact absorption , but;6;0.205
83;Nice fit;1;0.5
84;really wanted to like them , since I loved the color and the light weight feel;25;0.4333333333333333
84;I bought these for gym training - weight class and dance class ( body jam , Zumba ) - and .;6;0.0
84;went numb and cramped because the toe bed is very narrow;4;-0.43
84;But when I worked out high impact , my toes tingled , .;4;0.16
84;Also , there was n't enough cushion for me .;-1;0.0
84;When doing lunges , the ball of my feet hurt .;4;0.0
84;Ca n't return them because I wore them several times .;26;0.0
84;These might be fine for someone with a narrow foot .;12;0.1083333333333333
85;They fit perfect , extremely comfortable;1;0.6
86;l love the colors !;10;0.625
86;No arch support but;20;0.0
87;Shoe was somewhat large;19;0.2142857142857142
88;love them !;0;0.625
89;This is a great shoe for in gym workouts .;9;0.8
89;had a blister on my pinky ,;4;0.0
89;other than that these are very comfortable shoes !;18;0.2625
89;I did take a 10 mile hike and but;15;0.0
90;light;8;0.4
90;Comfortable and;7;0.4
91;Purchased these for my wife as she has a similar pair that is wearing out .  ;13;0.0
91;She has feet are difficult to fit and these fit perfectly without pressure on sensitive portions of her feet .;12;0.28
92;I have pretty high arches and my calves always hurt at the gym with other shoes .;4;0.095
92;take gym classes , and lightly jog / run on the treadmill;15;0.4
92;I have been on the hunt for a good cross trainer that I can use to lift , .;9;0.35
92;These have been wonderful !;0;1.0
92;they fit like a glove .;1;0.4
92;I do n't ever have any pain in my calves or my feet when wearing these and;4;0.0
92;Highly recommend !;24;0.2
93;Great shoes;22;0.8
94;These were exactly what I expected .;27;0.075
95;Love love love;0;0.5
96;these are bigger than usual .;2;-0.125
96;I always wear a womans 9 in Nikes but;17;0.0
96;The right one almost slips off my foot a bit .  ;18;0.2857142857142857
96;They are really light and not as sturdy as what I was looking for but over all not bad .;3;0.375
97;These shoes are awesome ! !;25;1.0
98;been happy so far;5;0.45
98;this time my left shoe fit perfectly while the right shoe was too loose on my heal and;19;0.3217582417582417
98;when I tighten it more it was hurting side of my foot .;12;0.5
98;l always buy Nike shoes and , but;17;0.0
99;they have turned into my daily ones I go to !;0;0.0
99;Bought these as my back up shoes but;13;0.0
99;my feet do n't hurt after long hours on my feet .;4;-0.05
99;So comfortable and;7;0.4
99;I own a cleaning business so I need my feet not to hurt in the middle of the day .;4;0.3
100;Absolutely love these shoes and color ! !;25;0.78125
100;They are perfect for running !;6;1.0
100;I run roughly 4 miles 3x per week .;15;-0.1
100;This is my second or 3rd pair of this exact style .;16;0.0833333333333333
100;Fit is perfect !;1;0.7
101;Super comfy !;7;0.4166666666666666
102;fits perfectly;1;1.0
102;Ordered half a size larger than my usual shoe size and .;2;-0.1388888888888888
103;Fit well .;1;0.4
104;The fit was perfect !;1;0.7
104;I Highly recommend this shoe .;24;0.16
105;Obsessed with these shoes !;25;-0.625
105;I was looking for good all around sneakers ( running , walking , tennis , etc . );9;0.7
105;and these more than fit the bill .;1;0.45
105;it does n't !;7;0.0
105;"I was looking specifically for black nikes ( I love the fit ) with white soles ( good for court sports ) ; I was a little reluctant to purchase because I was n't sure whether the black on the soles would contact the ground , but";17;0.1973958333333333
106;Cute shoe , fit as expected , and very comfortable .;22;0.33
107;On time , nice sneakers .;22;0.6
107;Fit as expected .;1;0.15
108;Perfect fit , as always .;1;0.7
109;Great shoe , very comfortable;11;0.66
110;Love these sneakers !;25;0.625
110;Perfect fit and super light;1;0.5333333333333333
111;These shoes fit like a glove !;1;0.5
111;very supportive;20;0.65
111;Light but !;8;0.5
111;feel very light on my feet;4;0.52
111;I have worn them several times and .;21;0.0
112;Fit true to size;27;0.375
113;Love the fit;1;0.45
114;after 9 hours on my feet anyone 's feet would hurt abit;4;0.0
114;Nike always makes a good shoe .. abit rough breaking them in but;17;0.3
115;Oops !;14;0.0
115;I returned these because I ordered wrong size !;26;-0.625
116;Extremely comfortable sneaker !;11;0.5
117;Good looking shoe;22;0.7
118;have received many compliments on the shoes;23;0.5
118;I have had this style before in a different color and .  ;10;0.0
118;They are great walking shoes !  ;22;1.0
118;these shoes are one of the best I have found to accommodate them for fit .;11;0.7
118;I wear orthotics and;9;0.0
119;I loved these shoes ... that is until after about an hour of wear , the green inserts on the sole of the right show began falling off .;18;0.1964285714285714
119;The wear was in my home , on smooth floors .;6;0.4
119;I can only assume they were defective .;6;0.0
120;Great !;14;1.0
120;cute;22;0.5
120;Super comfy and !;7;0.4166666666666666
120;fit perfect;1;0.7
120;No issues and !;3;0.0
121;Good shoes;22;0.7
122;I returned them ... found a Ryka pair I liked better;26;0.55
123;BEST sneakers I 've ever purchased ! ! ! !;9;1.0
124;Excellent ... ! ! !;14;1.0
125;the best sneakers by far !;11;0.5625
125;"I went solely on the reviews by others ... 
";11;0.0
125;I had never owned a pair of Nike sneakers , and;17;0.0
125;And I absolutely loved them ! !;0;1.0
126;Love these shoes .;23;0.5
126;I 've been buying Nikes for years now .;17;0.0
126;I bought this pair for work and everyday wear and another pair for working out and active wear .;15;-0.1666666666666666
126;They also last a long time in my opinion , especially if you take care of them .;2;-0.0166666666666666
127;Right one is slightly tight ..;18;0.0535714285714285
127;hope it will stretch out .. ! !;-1;0.0
128;the material is weird .;10;-0.5
128;They 're ugly : the toe is rounded and;12;-0.7
128;the Nike Womens Flex Trainer 6 is way better looking and costs about the same .;22;0.25
129;awesome;14;1.0
129;So lightweight and !;8;0.0
130;Luv them ! !;0;0.0
131;Love the color and fit .;1;0.45
131;they are very light and comfortable .;3;0.46
131;I use them to work on at the gym on the treadmill and;6;0.0
132;not too sure how I like the fit on my foot;12;0.45
132;Bought these shoes with HIIT in mind , but .;9;0.0
132;First time to wear them , not great for running .;22;-0.075
132;Maybe after they 're broken in a little they 'll get better .;20;-0.0291666666666666
132;If you just need a comfortable pair of shoes for walking , they 're fine .;6;0.4083333333333333
133;My daughter loves them .;13;0.0
133;Great fit !;1;0.65
134;This is a very attractive shoe .;3;1.0
134;It is true to size and fits as expected .;27;0.1249999999999999
134;Very satisfied with the seller - delivered on time .;5;0.65
135;Fits good , very lightweight .;1;0.4499999999999999
136;Comfortable shoe for both workout sessions and walking .  ;9;0.4
136;too light;8;0.4
136;Neither too bulky nor .  ;8;0.0
136;This is my second pair because they fit and have no neon or pink colors , just nice basic B&W.;16;0.18
137;Nice;14;0.6
138;These are the best shoes I have ever use for my workouts ! ! !;9;1.0
138;buy them in bulk;17;0.0
138;I love them and ! ! !;0;0.9765625
138;LOL;14;0.8
139;I love these shoes .  ;25;0.5
139;they look really nice on .  ;22;0.6
139;They fit as expected and;1;0.15
139;These shoes have a narrow base which I really like .  ;12;-0.2666666666666666
139;I do n't like the ones that make your foot look wide .;12;-0.1
140;Love this product .  ;5;0.5
140;Great fit .;1;0.6000000000000001
141;Very low cut heel so if you training and pushing sleds - I ran right out of shoes !;18;0.1785714285714285
141;Although the traction on toe and heel are great;12;0.8
142;Just what I needed for Group Fight class .;6;0.0
142;Quick movements and footwork are so easy in these sneakers .;22;0.3833333333333333
142;Love them .;0;0.5
143;Love !;0;0.625
143;Great price too .;5;0.8
144;It 's been a long time since I 've worked a cross training shoe .;9;-0.025
144;minimally passed compared to running shoes;6;-0.1
144;This shoe is very light and .;8;0.52
144;"That 's not meant to be a knock , just a fact . 

";12;0.0
144;I ordered the shoes half a size up because as a former runner , I 'm used to my feet needing room to spread and swell .;2;-0.0833333333333333
144;I wish I had n't because they feel a little roomy .;2;-0.1875
144;"I have orthotics , so I think I can remedy the issue once I swap those in . 

";4;0.0
144;Otherwise , very good shoes;22;0.91
145;Good indoor training shoes for running on treadmill , doing lunges and regular exercises at the gym .;6;0.35
145;These are very flexible , light weight and comfortable .;3;0.3333333333333333
145;so I slipped a little when I worked on cable machines , resistance band , etc . on un - carpeted floor;4;-0.1875
145;Grip is okay - sticky rubber is used only at the edges of heel and toe areas .  ;20;0.25
145;I would not recommend them because mine ( cushion ) lasted only for six months and this is the reason I gave three stars .;24;0.0
145;I would emphasize that if you do lifting as a part of your everyday routine workout;15;-0.2
145;Other than that , I liked them !;0;0.3125
146;Perf .;-1;0.0
147;Best shoes ever ! ! !;14;1.0
148;Fit good;1;0.55
149;they are perfect and very cute .;0;0.825
149;I use these for my Cardio Dance class and;6;0.0
149;I would definitely recommend .;24;0.0
149;They also cam earlier than expected ! !;5;-0.078125
150;I love these shoes so much that   I reordered another pair online .;16;0.35
150;It 's hard to find shoes that fit my really wide feet !;12;-0.0055555555555555
150;feel like another layer of skin , not bulky or tight at all;7;-0.1785714285714285
150;The heel back is my favorite part on them , they 're thin and .  ;0;0.0333333333333333
150;I walked all over Europe in these !;-1;0.0
151;Love these sneakers .;22;0.5
151;comfortable;18;0.4
151;Light weight and even without socks .;8;0.4
152;Nice product;5;0.6
153;I feel like this pair of shoes was made for my feet .;12;0.0
153;comfort;18;0.0
153;Great fit and !;1;0.65
153;Very pleased with this purchase .;5;0.65
154;Quick tranasaction ! ! !  ;5;0.6510416666666665
154;Loved the shoes ! ! !  ;25;1.0
154;Would purchase from them again ! ! !;5;0.0
155;"I got the impression it 's cushiony and comfy by reading the reviews on this product , when i tried it on it was a much firmer than my other work shoes , i 'm standing all day and need enough support and comfort , this is n't the right product for that . 
";11;0.0901785714285714
155;"i would assume it would work fine for training . 

";6;0.4166666666666667
155;So i had to return it , but;26;0.0
155;It looks decent and clean .;20;0.2666666666666666
155;and seems sturdy .  ;3;0.0
155;"just not the right thing for me . 
";18;0.2857142857142857
155;.. credit for that;26;0.0
155;I was refunded instantly upon returning so .;26;0.0
156;So comfortable , I do n't even feel like I have a sneaker on .;11;0.4
156;Based on the other reviews I got a half a size up and glad I did .;2;0.0694444444444444
157;they are very comfortable feel like you have nothing on .;3;0.52
158;My favorite nike shoe;0;0.5
159;extremely lightweight;8;-0.125
159;Super comfortable and .;7;0.3666666666666667
159;Great for crossfit !;6;1.0
160;Beautiful I love them comfy;3;0.675
161;the bottom is coming off .;19;0.0
161;I 've not even had them a month and;17;0.0
161;I 'm not happy !;5;-0.5
162;Love them !;0;0.625
162;Fit exactly as expected in length and width !;27;0.1375
162;I would definitely buy these again .;24;0.0
163;My second pair , love the fit , light weight and great support .;16;0.42
164;these were too narrow but very nice looking .;22;0.29
164;I have wide feet and;12;-0.1
165;Ugh ... way to large - is this for a man ?;2;0.2142857142857142
166;The shoe fit has expected .;1;0.15
166;It is comfortable .;7;0.4
167;look great;1;0.8
167;, are quite comfortable and are I was looking just what for !;3;0.5
167;They fit great ,;1;0.6000000000000001
168;Super comfy , true Size , I use them for boot Camp ,   cross fit;27;0.2708333333333333
168;, absolutely recommended it .;24;0.2
168;and they are great;0;0.8
169;Love them absolutely comfortable .;3;0.45
169;they work great .;20;0.8
169;I 'm very picky with sneakers and this ones for the price are great I use them for cross fit , boot camp &;9;0.35
169;The sole is very flexible , true size .;27;0.1833333333333333
169;they fit perfectly .;1;0.7
169;I have a wide feet and;12;-0.1
169;Very nice looking Great sneakers .;22;0.79
170;Wife happy with fit .;1;0.6000000000000001
171;They run big .;2;0.0
171;Order a full size smaller .;2;0.175
172;very comfortable;7;0.52
172;Super light and .;8;0.3666666666666667
172;they lack a bit in arch support , so the soles of my feet are a sore .;4;0.0
172;I 'm a runner and;15;0.0
172;I 'm going to add an insert to try fix the problem .;11;0.0
173;I have received many compliments on how pretty these white and pink shoes are .;23;0.1625
173;Just because they are white , they do need a washing regularly but;23;0.0
173;Extremely good Nike quality .;17;0.7
173;Highly recommended .;24;0.16
174;Arrived in time .;5;0.0
174;Fit as exoected .;1;0.4
174;I wore them 2 days in a row for more than five hours per day .;21;0.5
174;They take some breaking in but;17;0.0
175;they are nice a roomy and allow my feet to breath .;3;0.6
175;I 've been using these to exercise and;6;0.0
175;Also love the colors .;10;0.5
176;Comfortable from the start and very light .;3;0.46
177;As expected .;1;-0.1
178;Lightweight , comfortable , supportive .;3;0.45
178;Very happy I bought these shoes for working out .;9;1.0
179;have them in a light blue too;23;0.2
179;I love these and .;0;0.5
179;Very light weight , airy , and comfortable .;3;0.46
180;good quality;1;0.7
181;Very comfortable sneakers;11;0.52
181;and I also like the way it fits .;1;0.0
182;Purchased to wear for weightlifting and Zumba .;6;0.0
182;they were great !;0;1.0
182;Zumba trial was last night , and;6;0.0
182;Super comfortable , good ventilation !;7;0.5361111111111111
182;Not too much padding , very minimalist , which is just what I wanted;8;0.2
183;lightweight;8;0.0
183;Comfortable and .;7;0.4
184;they both have certainly out done the $ 100 K - swiss that I 'm looking to return .;8;0.2142857142857142
184;I love these shoes my second pair of 40 plus $ shoes and;16;0.25
184;The shoes are extremely comfortable , all my clients love them , just wish they came in more colors .;17;0.4666666666666666
185;, the shoelaces are a little bit too long .;12;-0.11875
185;They fit as expected and perfect for training;1;0.4333333333333333
185;Other than that these shoes are as I expected them !;1;-0.125
186;Extremely well fitting and light weight;8;0.2583333333333333
187;Perfect;14;1.0
188;Love them;0;0.5
189;have worn them for a long time;21;-0.05
189;I love these shoes and .;23;0.5
189;are very cute;22;0.65
189;That are comfy , thinner on the top & sole and !;7;0.25
190;turned out as expected;0;-0.1
190;Fast shipping and .;5;0.2
190;Could n't be happier .;5;0.0
191;they are great for comfort and they are light weight .;3;0.6000000000000001
191;I have been wearing for a solid week during my work outs &;6;0.0
192;Love these shoes for circuit training .;9;0.5
193;Super comfortable .;7;0.3666666666666667
193;this is the perfect shoe .;1;1.0
193;I joined Cross Fit and;15;0.2
194;just do it :);14;0.5
195;Love these , comfortable , light weight , great fit .;8;0.5
196;I love this show .;0;0.5
197;The shoes are true to size .;27;0.35
197;I am used to wearing running shoes so these have been an adjustment .;9;0.0
197;Overall , the shoe is nice and provides well for my HIIT and Grit classes I take .;9;0.3
198;Love them !  ;0;0.625
198;I ordered an 8.5 because I usually wear that size but these are a bit big .;2;-0.125
198;I wish I ordered an 8 .;2;0.0
198;I enjoy wearing them .;21;0.4
198;They are really comfortable and;3;0.4
199;Very comfortable .;7;0.52
200;Very nice shoes .  ;22;0.78
200;Comfortable .;18;0.4
201;Very comfortable .;7;0.52
201;I love wearing them .;21;0.5
202;Great fit so comfortable love them ! ! ! ! !;1;0.65
203;A nice lightweight shoe .;11;0.6
203;Not a lot of cushion so I would n't run long distances in them .;15;-0.05
204;I really love these shoes .  ;23;0.5
204;They are attractive and very comfortable .  ;3;0.66
204;They work well for my daily workout and fit well .;21;0.2
205;Comfortable shoe .  ;11;0.4
205;First time I 've ever bought nikes that feel so large .  ;2;0.2321428571428571
205;It feels about 1/2 size too big .  ;2;0.0
205;I bought 7.5 .  ;2;0.0
205;on occasion an 8;2;0.0
205;I normally wear exactly that size and .;2;0.2
206;Ordered 9(m );2;0.0
206;received 9 Wide for the second time .;2;-0.05
206;Returned them for the second time .;26;0.0
207;Nice shoes;22;0.6
208;This is my second pair of these shoes .  ;16;0.0
208;they provide support for walking .  ;20;0.0
208;I love the fit and;1;0.45
208;I like the way the shoes fit around my ankle , as many shoes are uncomfortable because they come up too high in the back .  ;12;0.112
208;Try them !;0;0.0
209;There is about a 1/2 inch of extra space from the tip of my big toe to the front of the shoe .;12;0.0
209;That 's okay , though .;-1;0.5
209;so it does n't feel too big , even if it does make your foot look a bit long;12;-0.025
209;"I usually wear socks , . 

";2;-0.25
209;the sole has plenty of grip , even on a slippery floor .;2;0.0
209;The colors are vibrant , and;10;0.1666666666666666
209;"they are comfortable . 

";3;0.4
209;I wore them for most of the day and;21;0.5
209;Overall , I 'm very pleased with this shoe .;11;0.325
210;Got them for my girlfriend .;13;0.0
210;She loves them .;13;0.0
210;Says it 's like wearing slippers because they are incredibly light .;21;0.4
211;Serves intended purpose;-1;0.0
212;They are super comfortable .;3;0.3666666666666667
212;Loving them .;0;0.6
213;I have gotten so many compliments on the blue color and look of this shoe .  ;23;0.25
213;It is super comfortable .  ;7;0.3666666666666667
213;The grip is wonderful for my indoor gym cross training classes .  ;6;0.5
213;I always order a half size larger in Nike brand shoes and thy fit perfectly as I did with this shoe .;2;0.3083333333333333
214;not much cushioning in the footbed;-1;-0.1
214;Fit is fine , but .;1;0.4083333333333333
214;The first time wearing them on a long walk I developed a blister on the bottom of my foot .;4;0.1
215;Perfect for the gym , could use a little more support in the toe area but very comfortable and light .;12;0.4465
215;Fit true to size .;27;0.375
216;provided no support;20;0.0
216;Meh , felt very comfortable but .;7;0.52
216;Seem like a good option for walking around in the summer but not for aerobics or lateral movements;6;0.7
217;Love these !;0;0.625
217;comfortable;18;0.4
217;Super light and !;8;0.4166666666666666
218;Loved the products and services ! !;5;1.0
219;It 's hard to find a lightweight athletic shoe with a wide toe box .;12;-0.1958333333333333
219;This shoe has that .;19;0.0
219;I am happy with the support for walking and everyday wear .;21;0.3
219;I would n't run in them .;15;0.0
219;Now I just have to stock up on as many pair as I can afford before Nike discontinues them :) .;17;0.5
219;Do n't you hate when that happens ?;-1;-0.8
220;The shoes are amazing , very comfortable and fit as expected highly recommended .;11;0.3159999999999999
220;:);14;0.5
221;Super comfy ! !;7;0.5208333333333333
222;I needed a wide size , that option was not available .;6;-0.15
222;So I went up a half size bigger hoping that would work .;2;-0.0833333333333333
222;I am   able to wear them .;21;0.5
222;It 's not quite comfortable but;3;0.4
222;I like the shoes .;1;0.0
223;Look great;1;0.8
224;I love these shoes .;25;0.5
224;when it comes to Nikes , I do n't need all the cool colors;17;0.35
224;so these look amazing and feel amazing , like they were made for my feet;1;0.6000000000000001
224;I am rather basic , .;8;0.0
224;I definitely suggest purchasing them .;24;0.0
225;comfy;7;0.0
225;Cute and .;10;0.5
225;Sleek design .;12;0.0
225;My only complaint is the fly wire loosens up and my shoe sometimes slips off my heels during heavy sled runs .;22;0.075
225;I have two pairs of this style .;16;0.0
226;I love them !;0;0.625
227;normally Nike fits small so we go up a half size .;2;-0.0888888888888888
227;These actually fit to my wife 's appropriate size .;1;0.45
227;So be ware when you order .;5;0.0
228;love these shoes .;23;0.5
228;use them to workout inside and to work;6;0.0
229;I own multiple shoes in this brand .;2;0.3
229;I was shocked at how small these shoes were , not true at all to size , and;27;-0.375
229;The quality could have been better , in my opinion -- very little support from the upper .;20;0.0854166666666666
230;Great shoes - was looking for something to replace my barefeet so I can wear orthotics while kickboxing .;9;0.8
230;hug my feet comfortably and have a thinner upper so I can still feel the bag when I kick;3;0.2
230;they have good lateral stability .;6;0.7
230;These are light weight , AND;8;0.4
230;My feet are on the narrow side so it 's hard to find shoes that are snug enough .;12;-0.1638888888888889
230;These are perfect .;0;1.0
230;Oh , and they are really cute too .;0;0.5
231;They fit perfectly .;1;0.7
231;These shoes are great for walking - so very comfortable .;11;0.66
231;Love them .;0;0.5
232;comfy;7;0.0
232;Good fit and .  ;1;0.55
232;Not so cushiony so definetly better for training and not for running or aerobics .;6;0.5
232;Bought size 8 which is my usual size .;2;-0.25
233;comfortable;18;0.4
233;Light weight and;8;0.4
234;I was wearing running shoes for cardio dance classes at the gym because I thought they would be sufficient .;9;0.0
234;found out cross trainers would be more appropriate which is how I ended up buying this pair;1;0.3333333333333333
234;After getting 2 blood blisters I did some research and .;4;0.0
234;They are slightly longer in look then I   would like but I think that is typical of cross trainers .;1;-0.1111111111111111
234;Also , the lacing is done in a way that allows you to tie too tightly if you 're not careful ( my toes were tingling during one particular work out when I had done this ) .;2;0.0126984126984127
234;Other then that I am very happy with the shoes .;24;0.4375
235;they were actually very roomy .  ;16;0.2
235;Nikes usually run small and I 'm a 7.5 , so I ordered these in an 8 and;2;-0.25
235;they are definitely bright orange / coral and not bright crimson like the description said .  ;10;0.175
235;I love them but;0;0.5
235;instead I use them for running .;6;0.0
235;I thought they 'd be more red in hue to wear with my Ohio State clothes , but;10;0.25
236;Color was not at all what i expected .  ;10;-0.1
236;It was more orange then red .  ;10;0.25
236;Not sure that I am going to keep them .;16;-0.25
237;Perfect fit !;1;0.75
237;on sale;5;0.0
237;Brand new in new box completely perfect condition and ! ! !;23;0.4242424242424242
237;Awesome !;14;1.0
237;Highly reccomend !;24;0.2
237;Super cute shoes .;22;0.4166666666666666
238;Squeaky;-1;0.0
239;If you wear Nike on the regular , then you should pretty much know your size .;2;0.15
239;it fit just as expected .;1;0.15
239;I wear only 7 's in Nike , and;2;0.0
239;love them all;0;0.5
239;I have many of the trail runner generations , and .;15;0.5
239;they 're my go to sneakers for the gym use , or casual wear .;9;-0.5000000000000001
239;I have a pair I used mostly for casual wear that have lasted about 5 years .;9;-5.551115123125783e-17
239;Another pair that I used for cross fit / outdoor runs that lasted a little over a year ( very vigorous daily use ) .;9;0.0825
239;All in all , these shoes are great for me .;22;0.8
239;They 're lightweight , and comfortable .;3;0.4
240;cushion;-1;0.0
240;Great arch support and both for the heel and ball of the foot .;20;0.8
240;Great aerobic shoe !;22;1.0
241;Good quality , perfect fit .  ;1;0.7000000000000001
241;It 's a Nike !;17;0.0
242;purchased 8.5 for a more comfortable feel , considering shrinkage as a result of perspiration;2;0.45
242;Size 8 , but .;2;0.0
243;these are too long- at least an inch and 1/2 .;12;-0.175
243;I 've always gotten this size in Nike shoes with similar description , but;2;0.0
244;Very lightweight .;8;0.2
244;Normal Nike quality .;17;0.15
244;Pink is very bright , colors look great together .;10;0.5366666666666667
245;Love them ! !;0;0.78125
246;Arrived on time .;5;0.0
246;if I wear thick socks they are fine;4;0.0583333333333333
246;I probably should have gone with a 7.5 instead of an 8 because they do seem a little big , but .;2;-0.09375
246;Also , they can sometimes make a very annoying squeaky noise when I run on certain surfaces so I 'm trying to get them worn in .;4;-0.3928571428571428
246;Over - all , I am satisfied with my purchase !;5;0.625
247;After less than a week the sole ripped off on the outside of the shoe;20;-0.0555555555555555
248;The lines do n't really show up unless there is a bright light on them .;10;0.4333333333333334
248;that they are perfect;0;1.0
248;But other than .;-1;-0.125
248;are comfortable the first time you put them on;3;0.325
248;They are very true to size and .;27;0.4549999999999999
249;I love these !  ;0;0.625
249;I ordered an 8.5 which is my normal shoe size and they fit great .  ;2;0.45
249;they performed well , and they are sooooo pretty !  ;0;0.3125
249;I used them for my strength training class and Comfortable , low profile and stylish !;6;0.3416666666666666
250;comfortable;18;0.4
250;Cute and;10;0.5
251;Very comfortable .;7;0.52
252;Sizing was perfect as ordered .;1;1.0
252;Quality appears good , still new , not too much more to report .;9;0.4454545454545455
253;Size really depends on the brand .  ;2;0.2
253;they fit me perfectly .  ;1;0.7
253;I wear a 6.5 in Nike and;2;0.0
253;do not restrict movement;-1;0.0
253;These shoes are comfortable , they wrap around my feet like a bandage but .;18;0.4
254;I was really excited when I opened the box to see the color is exactly like the image shows !;10;0.34375
254;used the same size to order these;2;0.0
254;I have the Nike flex tr 5 and .;17;0.0
254;They are a little bigger than expected but still comfortable .;2;0.028125
255;Returning these .;26;0.0
255;the pictures on here make the shoe appear all black with a touch of pink in the check .;10;-0.1333333333333333
255;however , the whole shoe has pink coming through .;19;0.05
255;I was looking for an all black shoe .;22;-0.1666666666666666
255;love them;0;0.5
255;I ordered the Nike Women 's Flex Supreme TR3 instead and ! ! !;17;0.0
256;wow these are the most comfortable , light weight shoes .;11;0.35
256;I love them ! !;0;0.78125
257;love the lightweight and the fit;25;0.45
258;fits perfect , my daughter loves them;1;1.0
259;Finally , after trying about 10 pairs of Nike 's , these were a perfect fit .  ;16;0.4666666666666666
259;They are light and very comfortable , I really just forget about my feet when I 'm wearing them .;3;0.3733333333333333
260;my daughter LOVES them;13;0.0
260;Came quick and;5;0.3333333333333333
261;Great Gift - she loved it !  ;13;0.8375
261;It 's a nice shoe !;22;0.75
262;she loves them .  ;13;0.0
262;Bought these for my daughter and;13;0.0
262;She tried them on at a retail store a couple months prior , so I knew her exact size .;13;0.125
263;fast shipping;5;0.2
263;Great product and !;5;1.0
264;bought it online;16;0.0
264;Tried one in the store and;2;0.0
264;but it was a different   kind of shoe .;10;0.3
264;Too big , different fit !;10;0.1666666666666666
265;of all my aches and pains , my feet was not one of them .;4;0.0
265;I had the older generation of this shoe that survived 2 or 3 mud runs and;22;0.1666666666666666
265;This is because of this shoe .;22;0.0
265;Nike really dropped the mic with this .;17;0.2
266;This pair fits perfect ..... the first pair was wrong size in the right box ..... definitely order again ! ! ! ! !;1;0.2071428571428571
267;I returned these as they were not true to size .;27;-0.175
267;They ran large .;2;0.2142857142857142
268;wrong shoes;26;-0.5
269;There very nice;0;0.78
270;I actually have 3 pairs of these trainers .  ;16;0.0
270;They are very comfortable , there is a neoprene sleeve that goes around your ankle that makes them the most comfortable for me compared to normal athletic shoes .  ;18;0.3924999999999999
270;this is perfect , but you may want to round up on the size or try on in the store first if your feet are on the wider side .;12;0.35
270;They run a little narrow - for me;12;-0.19375
271;Just too big otherwise I liked them !;0;0.375
272;Comfortable shoe .  ;18;0.4
272;I would buy again;5;0.0
273;comfortable;18;0.4
273;Light weight and .;8;0.4
274;Fit my size perfectly and very comfortable !;1;0.6833333333333332
275;Love these shoes !;25;0.625
275;these are perfect .;0;1.0
275;Needed new running shoes and;6;0.1363636363636363
275;fit great;1;0.6000000000000001
275;Light weight and !;8;0.5
276;Purchased these for our teenage daughter .;13;0.0
276;She loves them .;13;0.0
276;For both casual wear and sports .;9;-0.5000000000000001
277;found them really comfortable with no aching feet at the end of the day;18;0.4
277;Love these shoes , I have worn them all day and .;21;0.5
277;true to size;27;0.35
277;Fantastic colour and .;10;0.4
277;I also bought   Nike Women 's Flex Supreme Tr 3 Pnk Pw / Mtllc Slvr / Cl Gry / White Training Shoe and these shoes are slightly more comfortable than those even though they look very similar .;17;0.225
278;Super light weight comfortable !;8;0.4111111111111111
278;run too;15;0.0
278;Kick box in these and .;23;0.0
278;Good support !;20;0.875
279;they are very comfortable;3;0.52
279;i bought a size 6.5 when I normally where a size 7 .   and even the 6.5 feels a little roomy .  ;2;-0.01875
279;i bought a pair from DSW for 50 $ and but;16;0.0
279;I have wide flat feet btw .  ;4;-0.0625
279;i m not sure if I will keep them even though i love their look and comfort .  ;18;0.125
279;I think they wo n't give me enough support when running .  ;6;0.0
279;I 've been having feet problems while taking a gym class and;4;0.0
279;i do n't know if they 'll last long if you use them everywhere else .  ;20;-0.025
279;they 're great for wearing at home or gym and doing exercises in one place- extremely light weight and flexible , but;18;0.6000000000000001
279;:(  ;14;-0.75
279;i really like them;0;0.2
279;"but i ca nt just buy 2 different shoes . 
";26;0.0
279;also , i really like the strings inside the lining on the side of the shoes to adjust and make the shoe fit snug .;12;0.3
279;it makes me feel secure :D;7;0.7
280;really lightweight;8;0.2
280;Not a lot of arch support but .;20;0.0
281;EXCELLENT;14;1.0
282;Good for non - aerobic workout .;6;0.7
282;no support for lateral movrment;20;0.0
282;Mesh was very comfortable but .;7;0.52
283;Favorite Nikes ever .;17;0.5
283;was ready for a new pair;9;0.1681818181818181
283;I already owned this style and;10;0.0
283;so I went with these .;2;0.0
283;they fit great .;1;0.6000000000000001
283;Love the color and;10;0.5
284;Light - weight comfy shoes .;11;0.4
285;these were the best !;0;1.0
285;Tried a lot of shoes for cross training and;9;0.0
286;I love everything else about them !;0;0.625
286;Wish they had a little more support / cushion , but;20;0.15625
287;These are as far as comfort goes the most comfortable pair of sneakers I have I suffer from sciatica pain that goes into my feet I have difficulty finding the proper support and comfort in shoes I would recommend these most definitely .;9;0.25
288;After my purchased I found out they are overpriced .;13;0.0
288;They feel good;3;0.7
288;but I will not recommended if you need Wide fit .;12;0.15
289;they are too small .;2;-0.25
289;I bought a pair of these in my size , but;2;0.0
289;I can get my feet in them but not comfortably .;4;-0.2
289;It 's too bad because I can tell the soles are comfortable .;3;-0.1499999999999999
289;Of course , now I 've work them to work so I ca n't return them .;26;0.0
290;Love them !  ;0;0.625
290;great for weight training;6;0.8
290;Very comfortable and !;7;0.65
291;went up half size;2;-0.1666666666666666
291;it was too large .;2;0.2142857142857142
291;Took other reviewers advice and and;-1;-0.125
291;I thought this was a more sock - like fit;1;0.45
291;but it had a tongue that came up high on my ankle not at all sock like .;19;0.16
291;Nice looking and very light weight with a rounded square toe that left plenty of room front foot and toes .;22;0.3733333333333333
291;These just were n't what I was looking for .;22;0.0
292;very cute;22;0.65
292;Really comfortable and .;7;0.4
293;These shoes are great .  ;23;0.8
293;I love them .;0;0.5
293;This is the second pair that I have purchased and;16;0.0
294;Fit to size .;27;0.4
294;Comfortable;18;0.4
295;Picky daughter actually loves them .;13;0.0
296;Fit like a dream !;1;0.5
296;Great for cross - training / HITT videos I do everyday .;6;0.2
296;Great for walking too .;6;0.8
296;Look amazing !;1;0.7500000000000001
297;Most comfortable training shoes I 've worn in a long time .;9;0.2833333333333333
298;I bought these sneakers for boot camp class .  ;9;0.0
298;They are very light weight and different than other sneakers that I have owned .  ;10;0.1316666666666666
298;like them so far;0;0.1
298;Have only used them a few times , but .;21;-0.1
299;I got a hot spot on the bottom of my foot the first day I wore them .;4;0.25
300;Still breaking them in for use at the gym .  ;6;0.0
300;I think once I get used to them , they 'll work great !  ;20;1.0
300;:);14;0.5
301;Not a fan .;-1;0.0
301;Shoes looked great but too narrow for most feet .;12;0.3666666666666667
302;I love these shoes .;25;0.5
302;just take them on longer walks;14;0.0
302;I exercise in them as well as .;6;0.0
302;Feels good , looks GREAT ! !;1;0.85
303;fits perfect;1;1.0
304;Very comfortable shoes .;18;0.52
304;I have wide feet with falling arches .;12;-0.1
304;are comfortable enough that I can be in them all day long;3;0.1166666666666666
304;These help both and .;15;0.0
305;are for my requirements;8;0.0
305;"Unfortunately , this Flex Supreme does NOT have enough support over the toe and ankle . 
";12;-0.25
305;Returning for credit .  ;26;0.0
305;Thanks anyway .;-1;0.2
306;After using this shoes seven times for regular activities like walking or dancing the sole came out .;17;0.0
306;I am very disappointed .;5;-0.975
306;I do n't recommend this product at all .;5;0.0
306;The worse part is that I can not return this item because the return window closed 4 days ago .;26;-0.25
307;Fit like gloves to my feet !;1;0.5
307;Perfect for workouts .;6;1.0
308;I 've worn these to work out for 5 days in a row now .;21;0.0
308;over time the discomfort subsided entirely .;4;0.0
308;Initially , my arches ached but;4;0.0
308;I 've done everything from bootcamps , resistance training , running and Zumba .;15;0.0
308;"So yeah .. , they are truly crosstrainers ;-)";-1;0.25
309;I liked these shoes a lot .;0;0.6
309;Very light weight .;8;0.52
309;I did n't give a 5 because the color was a little lighter than I thought it was going to be but still a great shoe .;19;0.30625
309;Very comfortable;7;0.52
310;Love them ! ! !;0;0.9765625
311;I love these shoes !;25;0.625
311;perfect for cardio;6;1.0
311;Great arch support and .;20;0.8
312;find that these shoes help give me good support   with my endurance workouts;9;0.7
312;I workout at the local crossfit and .;15;0.0
313;These shoes look really great .;23;0.8
313;However , slightly loose .;19;-0.0769230769230769
313;The problems with lack of support arose when I exercised .;4;0.0
313;It feels like there is little to no support in them .;1;-0.1875
313;Possibly this is a shoe more geared for an office environment or short walking distances .;22;0.1666666666666666
314;These are my favorite walk around shoes !;0;0.625
314;not be in pain;4;0.0
314;I can wear them all day and !;21;0.0
314;Love em !;0;0.625
315;walking - around sneakers;11;0.0
315;"Favorite training and . 
";0;0.5
315;are comfortable for most situations;3;0.45
315;"They look good with just about anything , and . 
";1;0.7
315;"With the exception of running ( for which I use proper Mizuno running sneakers with an arch - support insole ) , these sneakers are my go - to . 
";9;0.0
315;If I could , I 'd take away a 1/2 star for arch support - I have a slightly wider front of the foot and arches that are a little on the high side , so I do look for a good under the foot fit .;12;0.1811666666666666
315;put in an insole(they're pretty expensive );23;-0.125
315;"as is , when I did a zumba class in these , my arch began to twinge :( 
";20;-0.75
315;I could probably tie the laces differently or , but;19;0.0
315;for training and gym use ( with the exception of running and zumba ( although hip - hop was fine ) .;6;0.4166666666666667
315;However , this is overall an awesome shoe that I will continue to stick with for going out , day to day walking , and;25;0.5
315;"do n't look "" dirty "" easily";19;-0.0833333333333333
315;The shoes have a great flexibility to them and .;11;0.8
315;are just now on the verge of being worn out;21;0.0
315;My previous pair of flex supreme TR 3s have lasted for a good 2 years and .;16;0.2666666666666666
315;This is the optimal sneaker that is flexible in more ways than one : from pointing you toes to leg - pressing , from gym use to shopping to adding a sporty edge to a dressy night out , the flex has it all .;18;0.5
316;Love these !;0;0.625
316;"I have 3 pairs ... they're so comfortable - I 'm on my feet all day & my feet actually do n't hurt at the end of the day when I wear these :) 
 I 've learned to get these 1/2 size smaller .... I'm normally a size 7 and the 6 1/2 fit perfectly";2;0.35
317;Great shoes .;22;0.8
317;comfortable;18;0.4
317;Lightweight and;8;0.0
318;BEST .;14;1.0
318;SHOES .;25;0.0
318;EVER .  ;-1;0.0
318;I bought two pairs in different colors- black n ' white and the pink and white ...  ;10;-0.0533333333333333
318;They have AWESOME support for whatever you use them for ..;20;1.0
318;I have one for work and the other for training / running / etc in ...;6;-0.125
319;These sneakers give me the motivation to workout because they feel so good and are great for any training;9;0.75
320;I LOVE the look and comfort of these shoes for style and lifting weights .;9;0.5
320;Super cute and flezable .;7;0.4166666666666666
320;BUT for running , absolutely not ! !;6;-0.15625
320;just do not work for my personal stride;15;0.0
320;It might just be my pronation / supnation and these shoes .;14;0.0
320;I run about 2 - 4 miles every few days .;15;-0.2
320;then sprints twice a week on a treadmill;15;0.0
320;Average of 8 miles a week and .;15;-0.15
320;"Just after running with these 3 times , I am having major back issues that I have never had before . 

";4;0.03125
320;other shoes;25;-0.125
320;"MY STATS and : 
 I road and trail run .";15;0.0
320;a lot of heal on the road;19;0.0
320;I run on my tip toes on the treadmill and .;15;0.0
320;I am 5'6 169lbs with more muscle than an average runner .;15;0.175
320;"Built more like a sprinter than a marathon runner . 
";15;0.5
320;I LOVE Nike FLEX bottoms .;17;0.5
320;They really give me support and flex needed .;7;0.2
320;I have also used Asics and Puma .;20;0.0
321;Size 5 .;2;0.0
321;Very comfortable shoes .;18;0.52
321;Love !;0;0.625
322;they are amazing !  ;0;0.7500000000000001
322;I bought a wide size of these at a local store and;2;-0.05
322;Soft , comfy , with moderate support .  ;3;0.05
322;not minimalist .  ;8;0.0
322;Not a cloud to walk on , but;4;0.0
322;The wide size is perfect for my wide feet with high arches .  ;12;0.24
322;The shoe tends to run about a half size long though , especially for Nike .  ;2;-0.0722222222222222
322;these shoes feel good all day ...;22;0.7
322;I am working on getting in shape , and;15;0.0
322;No rubbing on my big toe joint or pinkie toe or heel .  ;4;0.0
322;Very pleased .;5;0.65
323;I always buy the same size this ones came to large;2;0.1071428571428571
324;Nice shoes , fit good;22;0.5666666666666667
325;I bought these for my wife .;13;0.0
325;did not have their size so i ordered on amazon;2;0.0
325;She saw them in the store but .;13;0.0
325;She loves them .;13;0.0
325;no complains at all;5;0.0
325;She already had for a couple of months and .;13;0.0
325;One of her favorites shoes for running or for her job since she walks a lot in the warehouse .;7;0.0
325;Now she loves me more .;13;0.5
325;:);14;0.5
326;Love these shoes .;23;0.5
326;my old shoes were uncomfortable .;7;-0.2
326;My feet have been weird since I was pregnant and;4;-0.0833333333333333
326;help me get active;15;-0.1333333333333333
326;These are very comfy and .;3;0.2
326;go with anything;-1;0.0
326;They are also stylish and .;-1;0.5
327;Look better than the picture , very comfortable , great support .;3;0.6066666666666667
328;Love my new Nike 's .  ;17;0.3181818181818182
328;and I just could n't wear them any more );21;0.5
328;now the new styles and sizing are perfect .  ;9;0.5681818181818181
328;It 's been years since I 've been able to wear them ( sizing changed years ago but;21;0.5
328;Lightweight shoe with tons of style .  ;11;0.0
328;The Fog color is just what I was looking for ... not black and not neon !  ;10;0.1041666666666666
328;they held up great !;8;1.0
328;I wore them to participate in Relay for Life ( 24 hour walk ) and;6;0.0
329;I am so happy with this purchase .;5;0.8
329;I feel like I 'm barely wearing a sneaker when working out .;11;0.05
329;Another plus is that when I take off my sneaker , my sock is barely sweaty !;1;0.0625
329;I have never had that experience with a shoe .;22;0.0
329;looks nice on my feet;22;0.6
329;The shoe is also very attractive and flattering and .;3;1.0
330;Absolutely love them .;0;0.5
330;Can even wear them without my insoles .;21;0.0
331;Super cute shoe however runs wide and big , I 'm a size 10 however this size 10 is too big .;2;0.1466666666666666
331;tried the same shoe on   turns out with this particular shoe I 'm a 9.5 , so order half the size u normally are;2;0.0375
331;I went to a sporting goods store and .;2;0.0
332;Wore these for the first time hiking the bluffs .;22;0.25
332;super comfy .;7;0.3333333333333333
332;Not the best traction on well worn rocks , but;14;1.0
332;No blisters , no achilles pain like with other shoes .;4;-0.125
332;Will continue to purchase Nike shoes , because my feet love them for all activities !;17;0.625
332;( except my home workouts , they drag pretty hard on the carpet );6;-0.0472222222222222
333;A - MA - ZING !  ;-1;0.0
333;"these make me feel like "" Forest Gump """;12;0.0
333;I needed a good jogging shoe and .  ;22;0.7
333;I felt like I was running on a cloud .  ;7;0.0
333;I have narrow feet and these fit perfectly .  ;12;0.3999999999999999
333;I am so happy that I am going to purchase another two pair as back - ups for once it 's time to replace them .  ;16;0.4
333;Highly recommend to women who like to walk or run and light a light weight , comfortable shoe .;24;0.34
334;lightweight;8;0.0
334;Comfortable and .;7;0.4
334;Need a good training shoe that 's also supportive and flexible .  ;9;0.6
334;had to get 1/2 size larger as this style in my size;2;0.0
334;is too perfect from heel to toe;12;1.0
334;I really like the fit , but .;1;0.3
335;Excellent;14;1.0
336;These shoes are awesome !  ;25;1.0
336;feel great on my feet;4;0.8
336;They are nearly weightless and .  ;8;0.1
336;The first day I wore them I wore them ALL day on vacation .  ;21;0.25
336;did the same;5;0.0
336;I put them on the next day and .  ;21;0.0
336;Besides the comfort , they are really a cool color !;3;0.4375
337;Super cute !;22;0.4791666666666666
338;perfect;14;1.0
339;This is the most comfortable shoe I 've ever had .;11;0.45
339;work like it 's suppose to;1;0.0
339;No other shoe can compare to how the individual nubs on the bottom allow your foot to be cushioned , yet .;3;0.03125
339;"My feet feel cradled in this shoe and hard surfaces do n't make my feet ache anymore . 

";4;-0.2916666666666667
339;These shoes have a small amount of support , but not much , which I like as I 'm coming from vibram five fingers .;20;-0.175
339;"( Sorry vffs , I 'm bailing after 2 years of shin splints , no matter what I did ) . 

";16;-0.5
339;Highly recommended for walking / running on concrete or tracks .;6;0.155
339;As long as nike continues to make the flex supreme , they will get my money .;17;-0.05
339;Please do n't change this shoe !;22;0.0
340;my heel slips on turns .;4;0.0
340;I wear them for Zumba and;6;0.0
340;A little annoying because I have to pay attention;11;-0.49375
340;but they are so cute and comfy , it balances out .;3;0.5
341;These run large .;2;0.2142857142857142
341;these I bought a 9 , and the toe area is pretty wide plus plenty long even with socks .;2;0.0333333333333333
341;I wear a 9.5 exactly in every shoe , but;2;0.25
341;Very comfy and very nice looking shoe .;22;0.49
341;glad I was able to try them on before purchasing;24;0.5
341;I love them but .;0;0.5
342;Perfect fit , very comfortable , and a great color .;1;0.6799999999999999
342;They also fit as expected .;1;0.15
343;Really comfy and nice color;23;0.4
344;"The picture makes the shoe look like it has a "" boxier "" toe rather than the "" pointier "" toe that it actually has .";19;0.0
344;generally need to buy a size or half size longer to get a comfortable width ( in any brand of shoe );27;0.0944444444444444
344;I have wider feet and .;12;0.0
344;I feel that the pictures of this shoe did n't accurately depict what I received , in that one detail .;19;0.4000000000000001
344;I was shooting for a rounder , broader toe design which is more comfortable for me , and;12;0.45
344;"Otherwise , "" the shoe fits . """;19;0.0
344;So I am wearing it .;21;0.0
345;These are the most comfortable shoes I 've used for working out .;9;0.45
345;flexible;18;0.0
345;Extremely light weight and .;8;0.4
345;Loved them so much I purchased two more pair in different colors .;16;0.35
346;looks great;1;0.8
346;Very comfortable and !;7;0.65
347;Love this shoes so comfy and great very everyday use .;23;0.3466666666666667
347;Runs big;2;0.0
348;fit;1;0.4
348;Nice looking and nice;10;0.6
349;on my feet all day long;4;-0.05
349;I am a recess aide and .;15;0.0
349;I tried these shoes on in the store before purchasing them on Amazon .;24;0.0
349;They are very lightweight and comfortable .;3;0.3
349;I was surprised how great they felt .;3;0.45
349;I have n't had a pair of Nikes since Nike shoxs came out .;17;0.0
349;They are so much more lightweight than those .;8;0.5
349;had no problems;4;0.0
349;I wore them an entire day the first day and .;21;0.125
349;"The second day ; however , I got a pain in my hip to the point where I started limping .";4;0.0
349;As soon as I got home and took them off , the pain was gone the rest of the evening .;4;0.0
349;I 'm only 30 by the way .;8;0.0
349;Nothing else in my daily routine changed except wearing these shoes two days in a row .;21;0.0
349;I 'm sure that was the problem .;17;0.5
349;I do n't understand why it would make my hip hurt since they are comfortable on my feet , but;4;0.4
349;had no pain;4;0.0
349;I wore different shoes today and .;21;0.0
349;I do n't think as much as I am on my feet I will be able to wear them an extended amount of time .;21;0.35
349;I will have to rotate wearing them every other day .;21;-0.125
349;For normal wear , I believe , people will be fine .;3;0.2833333333333333
349;standing six hours a day straight;23;0.2
349;"I am literally walking or . 

";11;0.0
349;* * UPDATE :;5;0.0
349;So , initially after wearing them , I had hip pain after wearing them .;4;0.0
349;I wear them all the time now and have not experienced any pain since the first couple times of wearing them .;13;-0.075
349;I do n't know if they just needed to be broken in , but;7;-0.4
349;I love them even more now .;0;0.5
349;They are comfortable , and;3;0.4
350;Perfict fit for me .;1;0.4
350;Great looking shoes at a great price .;22;0.8
351;The sneakers are very comfortable and fit to size .;11;0.46
352;have so far enjoyed using them;0;0.3
352;I 've had these shoes for about a week now and .;15;0.0
352;Considering the fact that I have wide feet , the shoes are slightly tight .;12;-0.1392857142857143
352;does it bothers me as I use them throughout my workouts;6;0.0
352;However , it does n't feel uncomfortable nor .;7;-0.5
352;I know some people personally like when the shoes are a bit tighter or a bit looser so it 's all in personal preference .;12;0.0
353;I really like them !;0;0.25
354;Good light weight shoe ... had to add insole for more support .;11;0.5333333333333333
355;I love my tennis shoes;25;0.5
356;I am not impressed .  ;5;-0.5
356;This is a shoe I will wear with black dress pants or jeans when I need comfort and a little style , but;11;-0.1770833333333333
356;This is a very flimsy shoe with little support at all .  ;20;0.00625
356;Not like any Nike I 've ever purchased in the past .  ;17;-0.25
356;it 's not comfortable .;18;-0.2
356;It looks nice , but;22;0.6
357;Love it ! !;0;0.78125
357;nice;14;0.6
357;Super comfortable and ! !;7;0.4791666666666666
357;Got more than I expected , super flexible great for training .;18;0.3833333333333333
357;Definetly recommend it .;24;0.0
358;Excelente;-1;0.0
359;I do n't expect them to last more that one summer .  ;7;0.25
359;These shoes are poorly constructed and;25;-0.4
359;will not order another Nike downshifter series again;17;0.0
359;Would not recommend , and;24;0.0
360;"For the price I spent on the pair of shoes , I 'd say it 's as good as expected . 
";22;0.1666666666666666
360;does n't hurt my feet when I run;4;0.0
360;It 's comfortable and .;7;0.4
361;I love this shoes they are so comfortable;11;0.45
362;I absolutely LOVE these shoes .;25;0.5
362;These are my absolute favorite .;0;0.35
362;comfortable;18;0.4
362;So light and .;8;0.4
362;These are actually my 2nd pair .;16;0.0
362;they look good still .;1;0.7
362;I am still wearing my 1st pair after 2 years and;16;0.0
362;I want a back up pair for when my 1st pair wears out .;16;0.0
362;I am just afraid they are going to disappear and;16;-0.6
362;These have been the best shoes I 've owned !;17;1.0
363;Perfect fit !;1;0.75
364;My favorite cross trainers !;9;0.25
365;Love them fit perfect;1;0.6333333333333333
366;Favorite Nike shoe ever !;0;0.625
366;The flex sole is excellent for someone like me who loves the free feeling of sandals or being barefoot .;14;0.4666666666666666
366;These move effortlessly with the bend of my foot .;12;0.0
366;I 've had no foot or ankle pain .;4;0.0
366;I 've worn these for multiple activities and;17;0.0
366;the mesh breathes perfectly on hot summer days .;7;0.25
366;The white / green / dark grey color goes with so many outfits and;10;0.02
366;Highly recommend !;24;0.2
367;I wear these everyday to work , the gym , etc .;21;-0.2
368;Love these shoes !;25;0.625
368;Great fit , very light weight .;8;0.5733333333333334
369;fit my small feet perfectly;1;0.3833333333333333
369;Super comfortable and .;7;0.3666666666666667
369;I have flat feet so a lot of shoes are not comfortable for long periods of time .;4;-0.0916666666666666
369;they are super comfortable .;3;0.3666666666666667
369;I can wear the shoe all day long and;21;-0.05
369;they are easy to clean compared to other shoes I ve had .;17;0.225
369;They are light colored so any dirt will be seen right away , but;18;0.3428571428571428
369;Would definitely buy another pair in a different color .;16;0.0
370;Love these shoes !;25;0.625
